manufacturer,discount_pct
SHULTZ,13.792031727620087
TOMBSTONE,8.606984555443436
TONYS,8.233258087980602
P & G,7.823415895682489
QUAKER,6.870515145631068
GENERAL MI,6.602340352731724
WARNER,6.069779393632829
SNYDER S,5.456464382440008
PRIVATE LABEL,5.359572183776169
KELLOGG,5.094588412592096
COLGATE,4.827443173695497
MKSL,3.1526819306930696
POST FOODS,3.088552608737583
KING,2.544840089125032
CHATTEM,2.221001447898285
FRITO LAY,1.961644328934263
