category,discount_pct
ORAL HYGIENE PRODUCTS,7.451257008984888
FROZEN PIZZA,6.501930789970343
COLD CEREAL,4.965755564591694
BAG SNACKS,4.466812273461895
